{"stats":{"minecraft:dropped":{"minecraft:wheat_seeds":2,"minecraft:cooked_beef":6,"minecraft:oak_log":17,"minecraft:rotten_flesh":2,"minecraft:cobblestone":18,"minecraft:oak_planks":42,"minecraft:cooked_mutton":1,"minecraft:grass_block":1,"minecraft:coal":3,"minecraft:flint_and_steel":1,"minecraft:stick":14,"minecraft:gold_block":1,"minecraft:shield":1,"minecraft:torch":16,"minecraft:mutton":1,"minecraft:melon_slice":6,"minecraft:wooden_pickaxe":1,"minecraft:stone_pickaxe":2},"minecraft:mined":{"horror_element_mod:blood_3":1,"minecraft:mossy_cobblestone":1,"cfm:stripped_oak_chair":2,"minecraft:mangrove_roots":3,"minecraft:crafting_table":4,"minecraft:torch":4,"minecraft:granite":1,"minecraft:grass_block":3,"minecraft:melon":1,"minecraft:tall_grass":1,"minecraft:diorite":2,"minecraft:furnace":2,"minecraft:iron_ore":18,"minecraft:birch_leaves":1,"minecraft:andesite":1,"minecraft:yellow_bed":4,"minecraft:grass":13,"minecraft:cracked_deepslate_tiles":2,"minecraft:coal_ore":37,"minecraft:oak_log":69,"minecraft:iron_bars":2,"minecraft:dirt":1,"minecraft:stripped_oak_log":4,"minecraft:cobweb":1,"minecraft:stone":101,"minecraft:oak_leaves":30},"minecraft:used":{"minecraft:cooked_mutton":2,"minecraft:stone_sword":3,"minecraft:flint_and_steel":21,"minecraft:stone_pickaxe":138,"minecraft:wooden_pickaxe":29,"minecraft:iron_sword":48,"minecraft:rotten_flesh":3,"minecraft:netherrack":2,"minecraft:white_wool":2,"minecraft:torch":21,"minecraft:mossy_cobblestone":1,"minecraft:crafting_table":5,"minecraft:redstone_torch":4,"minecraft:oak_log":11,"horror_element_mod:human_remains":1,"minecraft:wooden_axe":1,"minecraft:iron_axe":84,"minecraft:grass_block":1,"minecraft:melon_slice":6,"minecraft:iron_pickaxe":2,"cfm:stripped_oak_chair":4,"minecraft:wooden_sword":23,"minecraft:cobblestone":32,"minecraft:oak_sapling":3,"minecraft:furnace":2,"minecraft:andesite":1,"minecraft:oak_boat":1,"minecraft:gold_block":20,"minecraft:yellow_bed":4,"minecraft:cooked_beef":5,"horror_element_mod:blood_3":1},"minecraft:killed":{"minecraft:pig":6,"minecraft:witch":1,"minecraft:spider":3,"minecraft:skeleton":2,"minecraft:sheep":2,"minecraft:zombie":2,"minecraft:chicken":4,"minecraft:cow":6},"minecraft:picked_up":{"minecraft:cracked_deepslate_tiles":1,"minecraft:stripped_oak_log":4,"minecraft:crafting_table":4,"minecraft:feather":3,"minecraft:cooked_beef":8,"minecraft:chicken":3,"minecraft:andesite":1,"minecraft:leather":11,"minecraft:wooden_pickaxe":1,"minecraft:potato":9,"minecraft:gold_block":1,"minecraft:oak_log":68,"minecraft:shield":1,"minecraft:yellow_bed":4,"minecraft:cornflower":1,"minecraft:dirt":20,"minecraft:flint_and_steel":1,"minecraft:wooden_sword":1,"horror_element_mod:blood_3":1,"minecraft:cooked_mutton":1,"minecraft:wheat_seeds":6,"minecraft:iron_ingot":4,"minecraft:beef":13,"minecraft:stone_pickaxe":1,"minecraft:redstone_torch":3,"minecraft:egg":1,"minecraft:melon_slice":13,"minecraft:iron_sword":1,"minecraft:oak_planks":34,"cfm:stripped_oak_chair":2,"minecraft:furnace":2,"minecraft:stick":19,"minecraft:raw_iron":19,"minecraft:oak_door":2,"minecraft:torch":13,"minecraft:porkchop":10,"minecraft:diorite":2,"minecraft:grass_block":1,"minecraft:mossy_cobblestone":2,"minecraft:arrow":5,"minecraft:rotten_flesh":6,"minecraft:granite":1,"minecraft:gray_wool":1,"minecraft:mangrove_roots":2,"minecraft:oak_sapling":7,"minecraft:mutton":4,"minecraft:iron_bars":2,"minecraft:coal":70,"minecraft:sunflower":1,"minecraft:white_wool":3,"minecraft:cobblestone":100,"minecraft:wooden_axe":1},"minecraft:crafted":{"minecraft:cooked_beef":10,"minecraft:wooden_sword":1,"minecraft:oak_planks":72,"minecraft:cooked_porkchop":6,"minecraft:crafting_table":1,"minecraft:cooked_chicken":1,"minecraft:wooden_pickaxe":1,"minecraft:furnace":1,"minecraft:cooked_mutton":2,"minecraft:air":0,"cfm:stripped_oak_chair":4,"minecraft:oak_boat":1,"minecraft:iron_chestplate":1,"minecraft:shield":1,"minecraft:iron_axe":1,"minecraft:stick":24,"minecraft:iron_ingot":20,"minecraft:stone_pickaxe":2,"minecraft:iron_pickaxe":2,"minecraft:wooden_axe":1,"minecraft:stone_sword":1,"minecraft:torch":24},"minecraft:custom":{"minecraft:interact_with_furnace":25,"minecraft:mob_kills":29,"minecraft:interact_with_crafting_table":25,"minecraft:leave_game":2,"minecraft:time_since_death":84230,"minecraft:sleep_in_bed":5,"minecraft:climb_one_cm":1024,"minecraft:time_since_rest":4359,"minecraft:sprint_one_cm":133939,"minecraft:damage_taken":770,"minecraft:walk_one_cm":493779,"minecraft:trigger_trapped_chest":2,"minecraft:drop":36,"minecraft:damage_dealt":3700,"minecraft:swim_one_cm":962,"minecraft:fly_one_cm":217704,"minecraft:open_chest":7,"minecraft:crouch_one_cm":1385,"minecraft:play_time":107396,"minecraft:deaths":2,"minecraft:sneak_time":611,"minecraft:walk_under_water_one_cm":916,"minecraft:boat_one_cm":312178,"minecraft:jump":1669,"minecraft:walk_on_water_one_cm":3208,"minecraft:total_world_time":107396,"minecraft:fall_one_cm":35067,"minecraft:horse_one_cm":4385},"minecraft:killed_by":{"minecraft:player":1}},"DataVersion":3120}