{"stats":{"minecraft:used":{"minecraft:redstone_torch":4,"minecraft:oak_log":2,"minecraft:wooden_axe":1,"minecraft:flint_and_steel":21,"minecraft:grass_block":1,"minecraft:stone_pickaxe":12,"minecraft:wooden_pickaxe":15,"minecraft:netherrack":2,"minecraft:wooden_sword":23,"minecraft:crafting_table":2,"minecraft:gold_block":20},"minecraft:dropped":{"minecraft:gold_block":1,"minecraft:wheat_seeds":2,"minecraft:mutton":1,"minecraft:grass_block":1,"minecraft:flint_and_steel":1},"minecraft:killed_by":{"minecraft:player":1},"minecraft:crafted":{"minecraft:wooden_sword":1,"minecraft:oak_planks":32,"minecraft:crafting_table":1,"minecraft:stick":8,"minecraft:wooden_pickaxe":1,"minecraft:stone_pickaxe":1,"minecraft:wooden_axe":1},"minecraft:picked_up":{"minecraft:stick":2,"minecraft:crafting_table":1,"minecraft:leather":2,"minecraft:gold_block":1,"minecraft:oak_log":10,"minecraft:diorite":2,"minecraft:grass_block":1,"minecraft:cornflower":1,"minecraft:dirt":2,"minecraft:flint_and_steel":1,"minecraft:arrow":2,"minecraft:wheat_seeds":2,"minecraft:beef":3,"minecraft:redstone_torch":3,"minecraft:gray_wool":1,"minecraft:oak_sapling":2,"minecraft:coal":12,"minecraft:mutton":3,"minecraft:cobblestone":12,"minecraft:white_wool":1,"minecraft:sunflower":1},"minecraft:killed":{"minecraft:skeleton":1,"minecraft:sheep":2,"minecraft:witch":1,"minecraft:cow":1},"minecraft:mined":{"minecraft:birch_leaves":1,"minecraft:crafting_table":1,"minecraft:grass":4,"minecraft:coal_ore":12,"minecraft:grass_block":1,"minecraft:oak_log":11,"minecraft:dirt":1,"minecraft:tall_grass":1,"minecraft:stone":13,"minecraft:diorite":2,"minecraft:oak_leaves":19},"minecraft:custom":{"minecraft:time_since_rest":595,"minecraft:sprint_one_cm":18160,"minecraft:damage_taken":220,"minecraft:walk_one_cm":75499,"minecraft:mob_kills":5,"minecraft:drop":6,"minecraft:damage_dealt":907,"minecraft:swim_one_cm":962,"minecraft:interact_with_crafting_table":4,"minecraft:fly_one_cm":27208,"minecraft:crouch_one_cm":15,"minecraft:play_time":23697,"minecraft:deaths":2,"minecraft:sneak_time":27,"minecraft:walk_under_water_one_cm":88,"minecraft:jump":240,"minecraft:time_since_death":531,"minecraft:walk_on_water_one_cm":2193,"minecraft:total_world_time":23697,"minecraft:fall_one_cm":4075,"minecraft:horse_one_cm":1675}},"DataVersion":3120}