{"stats":{"minecraft:dropped":{"minecraft:wheat_seeds":2,"minecraft:cooked_beef":6,"minecraft:oak_log":17,"minecraft:cobblestone":18,"minecraft:grass_block":1,"minecraft:coal":3,"minecraft:stick":24,"minecraft:gold_block":1,"minecraft:torch":16,"minecraft:mutton":1,"minecraft:melon_slice":6,"minecraft:iron_pickaxe":1,"minecraft:rotten_flesh":2,"minecraft:oak_planks":42,"minecraft:cooked_mutton":1,"minecraft:flint_and_steel":1,"minecraft:shield":1,"cfm:stripped_oak_chair":1,"minecraft:stone_pickaxe":2,"minecraft:wooden_pickaxe":1},"minecraft:mined":{"horror_element_mod:blood_3":1,"cfm:stripped_oak_chair":2,"minecraft:mossy_cobblestone":1,"minecraft:mangrove_roots":3,"minecraft:granite":1,"minecraft:grass_block":3,"minecraft:furnace":2,"minecraft:iron_ore":40,"minecraft:andesite":1,"minecraft:deepslate_iron_ore":1,"minecraft:rail":1,"minecraft:iron_bars":2,"minecraft:stripped_oak_log":4,"minecraft:stone":147,"minecraft:crafting_table":4,"minecraft:torch":4,"minecraft:melon":1,"minecraft:tall_grass":1,"minecraft:cobblestone":3,"minecraft:deepslate_coal_ore":1,"minecraft:diorite":2,"minecraft:wall_torch":1,"minecraft:birch_leaves":1,"minecraft:yellow_bed":4,"minecraft:grass":13,"minecraft:cracked_deepslate_tiles":2,"minecraft:oak_log":69,"minecraft:coal_ore":60,"minecraft:dirt":1,"minecraft:cobweb":1,"minecraft:oak_leaves":30,"minecraft:deepslate":25},"minecraft:used":{"minecraft:stone_sword":3,"minecraft:flint_and_steel":21,"minecraft:shield":2,"minecraft:iron_sword":53,"minecraft:rotten_flesh":3,"minecraft:netherrack":2,"minecraft:torch":24,"minecraft:cracked_deepslate_tiles":1,"minecraft:wooden_axe":1,"horror_element_mod:human_remains":1,"minecraft:grass_block":1,"minecraft:iron_axe":84,"cfm:stripped_oak_chair":4,"minecraft:furnace":2,"minecraft:oak_sapling":3,"minecraft:gold_block":20,"minecraft:cooked_beef":6,"minecraft:cooked_mutton":2,"minecraft:stone_pickaxe":138,"minecraft:wooden_pickaxe":29,"minecraft:white_wool":2,"minecraft:mossy_cobblestone":1,"minecraft:crafting_table":5,"minecraft:redstone_torch":4,"minecraft:oak_log":11,"minecraft:melon_slice":6,"minecraft:iron_pickaxe":126,"minecraft:wooden_sword":23,"minecraft:cobblestone":45,"minecraft:andesite":1,"minecraft:yellow_bed":4,"minecraft:oak_boat":1,"horror_element_mod:blood_3":1},"minecraft:killed":{"minecraft:witch":1,"minecraft:spider":4,"minecraft:skeleton":3,"minecraft:chicken":4,"minecraft:pig":6,"minecraft:sheep":2,"minecraft:zombie":2,"minecraft:cow":6},"minecraft:picked_up":{"minecraft:wooden_axe":1,"minecraft:crafting_table":4,"minecraft:chicken":3,"minecraft:wooden_pickaxe":1,"minecraft:gold_block":1,"minecraft:shield":1,"minecraft:cornflower":1,"horror_element_mod:blood_3":1,"minecraft:wooden_sword":1,"minecraft:flint_and_steel":1,"minecraft:beef":13,"minecraft:redstone_torch":3,"minecraft:melon_slice":13,"minecraft:furnace":2,"minecraft:egg":1,"minecraft:raw_iron":42,"minecraft:stick":19,"minecraft:oak_door":2,"minecraft:torch":14,"minecraft:porkchop":10,"minecraft:diorite":2,"minecraft:arrow":5,"minecraft:rotten_flesh":6,"minecraft:mangrove_roots":2,"minecraft:mutton":4,"minecraft:iron_bars":2,"minecraft:rail":2,"minecraft:white_wool":3,"minecraft:cobblestone":148,"minecraft:cracked_deepslate_tiles":1,"minecraft:stripped_oak_log":4,"minecraft:feather":3,"minecraft:cooked_beef":8,"minecraft:andesite":1,"minecraft:leather":11,"minecraft:potato":9,"minecraft:oak_log":68,"minecraft:yellow_bed":4,"minecraft:dirt":20,"minecraft:cooked_mutton":1,"minecraft:bone":1,"minecraft:wheat_seeds":6,"minecraft:stone_pickaxe":1,"minecraft:iron_ingot":4,"minecraft:oak_planks":34,"minecraft:iron_sword":1,"cfm:stripped_oak_chair":3,"minecraft:grass_block":1,"minecraft:mossy_cobblestone":2,"minecraft:granite":1,"minecraft:gray_wool":1,"minecraft:oak_sapling":7,"minecraft:coal":95,"minecraft:sunflower":1},"minecraft:crafted":{"minecraft:wooden_sword":1,"minecraft:oak_planks":72,"minecraft:cooked_chicken":1,"minecraft:furnace":1,"minecraft:cooked_mutton":2,"cfm:stripped_oak_chair":4,"minecraft:iron_axe":1,"minecraft:stone_pickaxe":2,"minecraft:cooked_beef":10,"minecraft:cooked_porkchop":6,"minecraft:crafting_table":1,"minecraft:wooden_pickaxe":1,"minecraft:air":0,"minecraft:oak_boat":1,"minecraft:iron_chestplate":1,"minecraft:shield":1,"minecraft:stick":36,"minecraft:iron_ingot":20,"minecraft:iron_pickaxe":2,"minecraft:wooden_axe":1,"minecraft:stone_sword":1,"minecraft:torch":40},"minecraft:custom":{"minecraft:mob_kills":31,"minecraft:interact_with_crafting_table":25,"minecraft:leave_game":3,"minecraft:time_since_death":97445,"minecraft:climb_one_cm":1024,"minecraft:sprint_one_cm":136011,"minecraft:walk_one_cm":552414,"minecraft:damage_blocked_by_shield":80,"minecraft:drop":40,"minecraft:play_time":120611,"minecraft:deaths":2,"minecraft:sneak_time":982,"minecraft:walk_under_water_one_cm":916,"minecraft:boat_one_cm":312178,"minecraft:jump":1808,"minecraft:walk_on_water_one_cm":3208,"minecraft:total_world_time":120611,"minecraft:interact_with_furnace":25,"minecraft:sleep_in_bed":5,"minecraft:time_since_rest":17574,"minecraft:damage_taken":954,"minecraft:trigger_trapped_chest":2,"minecraft:damage_dealt":4001,"minecraft:swim_one_cm":962,"minecraft:fly_one_cm":218837,"minecraft:open_chest":7,"minecraft:crouch_one_cm":2402,"minecraft:fall_one_cm":38239,"minecraft:horse_one_cm":4385},"minecraft:killed_by":{"minecraft:player":1}},"DataVersion":3120}