{"stats":{"minecraft:dropped":{"minecraft:iron_ingot":2,"minecraft:wheat_seeds":2,"minecraft:cooked_beef":6,"minecraft:oak_log":17,"minecraft:cooked_porkchop":1,"minecraft:iron_helmet":1,"minecraft:cobblestone":18,"minecraft:granite":3,"minecraft:grass_block":1,"minecraft:coal":3,"minecraft:stick":24,"minecraft:gold_block":1,"minecraft:torch":27,"minecraft:mutton":1,"minecraft:melon_slice":6,"minecraft:iron_leggings":1,"minecraft:iron_axe":1,"minecraft:iron_pickaxe":2,"minecraft:rotten_flesh":2,"minecraft:oak_planks":42,"minecraft:iron_boots":1,"minecraft:cooked_mutton":1,"minecraft:flint_and_steel":1,"minecraft:shield":1,"minecraft:iron_chestplate":1,"minecraft:oak_sapling":2,"cfm:stripped_oak_chair":1,"minecraft:wooden_pickaxe":1,"minecraft:stone_pickaxe":2},"minecraft:mined":{"horror_element_mod:blood_3":1,"cfm:stripped_oak_chair":2,"minecraft:mossy_cobblestone":1,"minecraft:mangrove_roots":4,"minecraft:granite":4,"minecraft:grass_block":4,"minecraft:furnace":3,"minecraft:iron_ore":57,"minecraft:andesite":2,"minecraft:deepslate_iron_ore":25,"minecraft:rail":1,"minecraft:iron_bars":4,"crittersandcompanions:silk_cocoon":1,"minecraft:stripped_oak_log":4,"minecraft:stone":166,"minecraft:crafting_table":4,"minecraft:torch":10,"minecraft:melon":1,"minecraft:tall_grass":1,"minecraft:cobblestone":3,"minecraft:deepslate_coal_ore":1,"minecraft:deepslate_gold_ore":1,"minecraft:lapis_ore":4,"minecraft:diorite":2,"minecraft:wall_torch":3,"minecraft:birch_leaves":1,"minecraft:yellow_bed":4,"minecraft:grass":19,"minecraft:cracked_deepslate_tiles":2,"minecraft:oak_log":69,"minecraft:coal_ore":84,"minecraft:dirt":1,"minecraft:cobweb":1,"minecraft:oak_leaves":30,"minecraft:deepslate":37},"minecraft:used":{"minecraft:stone_sword":3,"minecraft:flint_and_steel":22,"minecraft:chest":1,"minecraft:shield":4,"minecraft:iron_sword":197,"minecraft:rotten_flesh":3,"minecraft:netherrack":3,"minecraft:torch":67,"minecraft:dirt":1,"minecraft:cracked_deepslate_tiles":1,"minecraft:wooden_axe":2,"horror_element_mod:human_remains":1,"minecraft:grass_block":1,"minecraft:iron_axe":84,"cfm:stripped_oak_chair":4,"minecraft:furnace":3,"minecraft:oak_sapling":4,"minecraft:gold_block":30,"minecraft:egg":1,"minecraft:cooked_beef":12,"minecraft:cobbled_deepslate":3,"minecraft:cooked_mutton":2,"minecraft:water_bucket":35,"minecraft:stone_pickaxe":138,"minecraft:wooden_pickaxe":29,"minecraft:white_wool":2,"minecraft:mossy_cobblestone":1,"minecraft:crafting_table":5,"minecraft:redstone_torch":8,"minecraft:oak_log":11,"minecraft:melon_slice":8,"minecraft:iron_pickaxe":237,"minecraft:wooden_sword":23,"minecraft:cobblestone":54,"minecraft:cooked_porkchop":8,"minecraft:bucket":35,"minecraft:andesite":1,"minecraft:yellow_bed":4,"minecraft:oak_boat":1,"horror_element_mod:blood_3":1},"minecraft:killed":{"minecraft:witch":1,"minecraft:spider":7,"minecraft:skeleton":10,"minecraft:chicken":4,"minecraft:pig":7,"minecraft:zombie_villager":1,"minecraft:creeper":1,"minecraft:sheep":2,"minecraft:zombie":16,"minecraft:cow":6},"minecraft:picked_up":{"minecraft:wooden_axe":1,"minecraft:crafting_table":4,"minecraft:chicken":3,"minecraft:wooden_pickaxe":1,"minecraft:gold_block":1,"minecraft:shield":1,"minecraft:cornflower":1,"minecraft:string":3,"horror_element_mod:blood_3":1,"minecraft:wooden_sword":1,"minecraft:flint_and_steel":1,"minecraft:cobbled_deepslate":19,"minecraft:bucket":1,"minecraft:beef":13,"minecraft:redstone_torch":3,"minecraft:melon_slice":45,"minecraft:egg":2,"minecraft:furnace":3,"minecraft:stick":20,"minecraft:raw_iron":82,"minecraft:oak_door":2,"minecraft:torch":60,"minecraft:porkchop":11,"minecraft:diorite":2,"minecraft:arrow":8,"minecraft:rotten_flesh":20,"crittersandcompanions:silk":3,"minecraft:mangrove_roots":3,"minecraft:mutton":4,"minecraft:iron_bars":4,"minecraft:rail":2,"minecraft:white_wool":3,"minecraft:cobblestone":173,"minecraft:cracked_deepslate_tiles":1,"minecraft:stripped_oak_log":4,"minecraft:feather":3,"minecraft:cooked_beef":8,"minecraft:andesite":1,"minecraft:leather":11,"minecraft:potato":9,"minecraft:oak_log":68,"minecraft:yellow_bed":4,"minecraft:gunpowder":1,"minecraft:lapis_lazuli":13,"minecraft:dirt":25,"minecraft:cooked_mutton":1,"minecraft:bone":9,"minecraft:wheat_seeds":6,"minecraft:raw_gold":1,"minecraft:rabbit_hide":2,"minecraft:stone_pickaxe":1,"minecraft:iron_ingot":4,"minecraft:oak_planks":34,"minecraft:iron_sword":1,"cfm:stripped_oak_chair":3,"minecraft:grass_block":1,"minecraft:spider_eye":1,"minecraft:mossy_cobblestone":2,"minecraft:granite":7,"minecraft:gray_wool":1,"minecraft:oak_sapling":8,"minecraft:coal":115,"minecraft:sunflower":1},"minecraft:crafted":{"minecraft:wooden_sword":1,"minecraft:oak_planks":72,"minecraft:cooked_chicken":1,"minecraft:furnace":1,"minecraft:cooked_mutton":2,"cfm:stripped_oak_chair":4,"minecraft:iron_boots":2,"minecraft:iron_axe":1,"minecraft:stone_pickaxe":2,"minecraft:chest":1,"minecraft:cooked_beef":10,"minecraft:cooked_porkchop":9,"minecraft:crafting_table":1,"minecraft:wooden_pickaxe":1,"minecraft:iron_helmet":2,"minecraft:air":0,"minecraft:oak_boat":1,"minecraft:iron_chestplate":2,"minecraft:shield":1,"minecraft:stick":40,"minecraft:iron_ingot":61,"minecraft:iron_pickaxe":3,"minecraft:wooden_axe":1,"minecraft:stone_sword":1,"minecraft:iron_leggings":2,"minecraft:torch":56},"minecraft:custom":{"minecraft:mob_kills":57,"minecraft:interact_with_crafting_table":36,"minecraft:leave_game":5,"minecraft:time_since_death":161359,"minecraft:climb_one_cm":4237,"minecraft:sprint_one_cm":241524,"minecraft:walk_one_cm":832471,"minecraft:damage_blocked_by_shield":160,"minecraft:drop":51,"minecraft:play_time":184525,"minecraft:deaths":2,"minecraft:sneak_time":1949,"minecraft:walk_under_water_one_cm":1238,"minecraft:boat_one_cm":312178,"minecraft:jump":2921,"minecraft:walk_on_water_one_cm":4676,"minecraft:total_world_time":184525,"minecraft:interact_with_furnace":38,"minecraft:sleep_in_bed":9,"minecraft:time_since_rest":5835,"minecraft:damage_taken":2050,"minecraft:trigger_trapped_chest":2,"minecraft:damage_dealt":11980,"minecraft:swim_one_cm":962,"minecraft:fly_one_cm":399731,"minecraft:open_chest":21,"minecraft:crouch_one_cm":5432,"minecraft:fall_one_cm":68278,"minecraft:horse_one_cm":4385},"minecraft:killed_by":{"minecraft:player":1}},"DataVersion":3120}