{"stats":{"minecraft:used":{"minecraft:stone_sword":3,"minecraft:flint_and_steel":21,"minecraft:stone_pickaxe":130,"minecraft:wooden_pickaxe":28,"minecraft:netherrack":2,"minecraft:torch":12,"minecraft:crafting_table":2,"minecraft:redstone_torch":4,"minecraft:oak_log":2,"minecraft:wooden_axe":1,"minecraft:grass_block":1,"minecraft:wooden_sword":23,"minecraft:cobblestone":28,"minecraft:furnace":1,"minecraft:andesite":1,"minecraft:gold_block":20,"minecraft:cooked_beef":2},"minecraft:dropped":{"minecraft:wheat_seeds":2,"minecraft:cooked_beef":1,"minecraft:cobblestone":18,"minecraft:cooked_mutton":1,"minecraft:grass_block":1,"minecraft:coal":3,"minecraft:flint_and_steel":1,"minecraft:stick":14,"minecraft:gold_block":1,"minecraft:torch":16,"minecraft:mutton":1,"minecraft:stone_pickaxe":1},"minecraft:killed_by":{"minecraft:player":1},"minecraft:crafted":{"minecraft:wooden_sword":1,"minecraft:oak_planks":32,"minecraft:crafting_table":1,"minecraft:wooden_pickaxe":1,"minecraft:furnace":1,"minecraft:cooked_mutton":2,"minecraft:air":0,"minecraft:stick":20,"minecraft:iron_ingot":20,"minecraft:iron_pickaxe":1,"minecraft:stone_pickaxe":2,"minecraft:wooden_axe":1,"minecraft:stone_sword":1,"minecraft:torch":24},"minecraft:picked_up":{"minecraft:wooden_axe":1,"minecraft:crafting_table":2,"minecraft:cooked_beef":3,"minecraft:andesite":1,"minecraft:leather":4,"minecraft:wooden_pickaxe":1,"minecraft:gold_block":1,"minecraft:oak_log":10,"minecraft:cornflower":1,"minecraft:dirt":4,"minecraft:wooden_sword":1,"minecraft:flint_and_steel":1,"minecraft:wheat_seeds":2,"minecraft:iron_ingot":4,"minecraft:beef":3,"minecraft:stone_pickaxe":1,"minecraft:redstone_torch":3,"minecraft:iron_sword":1,"minecraft:oak_planks":33,"minecraft:furnace":2,"minecraft:raw_iron":19,"minecraft:stick":19,"minecraft:torch":9,"minecraft:diorite":2,"minecraft:grass_block":1,"minecraft:arrow":5,"minecraft:granite":1,"minecraft:gray_wool":1,"minecraft:oak_sapling":5,"minecraft:mutton":3,"minecraft:coal":67,"minecraft:white_wool":3,"minecraft:cobblestone":99,"minecraft:sunflower":1},"minecraft:killed":{"minecraft:witch":1,"minecraft:sheep":2,"minecraft:skeleton":2,"minecraft:cow":1},"minecraft:mined":{"minecraft:crafting_table":2,"minecraft:granite":1,"minecraft:grass_block":3,"minecraft:tall_grass":1,"minecraft:diorite":2,"minecraft:furnace":2,"minecraft:iron_ore":18,"minecraft:birch_leaves":1,"minecraft:andesite":1,"minecraft:grass":4,"minecraft:oak_log":11,"minecraft:coal_ore":33,"minecraft:dirt":1,"minecraft:stone":100,"minecraft:oak_leaves":19},"minecraft:custom":{"minecraft:interact_with_furnace":13,"minecraft:mob_kills":6,"minecraft:interact_with_crafting_table":13,"minecraft:time_since_death":24531,"minecraft:time_since_rest":24595,"minecraft:sprint_one_cm":26132,"minecraft:damage_taken":455,"minecraft:walk_one_cm":230482,"minecraft:drop":16,"minecraft:damage_dealt":1053,"minecraft:swim_one_cm":962,"minecraft:fly_one_cm":34798,"minecraft:crouch_one_cm":491,"minecraft:play_time":47697,"minecraft:deaths":2,"minecraft:sneak_time":129,"minecraft:walk_under_water_one_cm":916,"minecraft:jump":667,"minecraft:walk_on_water_one_cm":3166,"minecraft:total_world_time":47697,"minecraft:fall_one_cm":9400,"minecraft:horse_one_cm":1675}},"DataVersion":3120}