{"stats":{"minecraft:used":{"minecraft:cooked_mutton":2,"minecraft:stone_sword":3,"minecraft:flint_and_steel":21,"minecraft:stone_pickaxe":136,"minecraft:wooden_pickaxe":28,"minecraft:iron_sword":28,"minecraft:rotten_flesh":2,"minecraft:netherrack":2,"minecraft:torch":15,"minecraft:mossy_cobblestone":1,"minecraft:crafting_table":3,"minecraft:redstone_torch":4,"minecraft:oak_log":2,"horror_element_mod:human_remains":1,"minecraft:wooden_axe":1,"minecraft:grass_block":1,"minecraft:iron_pickaxe":2,"minecraft:wooden_sword":23,"minecraft:cobblestone":31,"minecraft:furnace":1,"minecraft:andesite":1,"minecraft:gold_block":20,"minecraft:oak_boat":1,"minecraft:cooked_beef":2,"horror_element_mod:blood_3":1},"minecraft:dropped":{"minecraft:wheat_seeds":2,"minecraft:cooked_beef":1,"minecraft:rotten_flesh":2,"minecraft:cobblestone":18,"minecraft:cooked_mutton":1,"minecraft:grass_block":1,"minecraft:coal":3,"minecraft:flint_and_steel":1,"minecraft:stick":14,"minecraft:gold_block":1,"minecraft:torch":16,"minecraft:mutton":1,"minecraft:stone_pickaxe":1},"minecraft:killed_by":{"minecraft:player":1},"minecraft:crafted":{"minecraft:wooden_sword":1,"minecraft:oak_planks":32,"minecraft:crafting_table":1,"minecraft:wooden_pickaxe":1,"minecraft:furnace":1,"minecraft:cooked_mutton":2,"minecraft:air":0,"minecraft:oak_boat":1,"minecraft:stick":20,"minecraft:iron_ingot":20,"minecraft:iron_pickaxe":1,"minecraft:stone_pickaxe":2,"minecraft:wooden_axe":1,"minecraft:stone_sword":1,"minecraft:torch":24},"minecraft:picked_up":{"minecraft:wooden_axe":1,"minecraft:crafting_table":3,"minecraft:cooked_beef":3,"minecraft:andesite":1,"minecraft:leather":9,"minecraft:wooden_pickaxe":1,"minecraft:gold_block":1,"minecraft:oak_log":10,"minecraft:cornflower":1,"minecraft:dirt":20,"horror_element_mod:blood_3":1,"minecraft:wooden_sword":1,"minecraft:flint_and_steel":1,"minecraft:cooked_mutton":1,"minecraft:wheat_seeds":3,"minecraft:iron_ingot":4,"minecraft:beef":11,"minecraft:stone_pickaxe":1,"minecraft:redstone_torch":3,"minecraft:iron_sword":1,"minecraft:oak_planks":33,"minecraft:furnace":2,"minecraft:raw_iron":19,"minecraft:stick":19,"minecraft:torch":12,"minecraft:diorite":2,"minecraft:grass_block":1,"minecraft:mossy_cobblestone":2,"minecraft:arrow":5,"minecraft:rotten_flesh":4,"minecraft:granite":1,"minecraft:mangrove_roots":2,"minecraft:gray_wool":1,"minecraft:oak_sapling":5,"minecraft:iron_bars":2,"minecraft:mutton":3,"minecraft:coal":70,"minecraft:white_wool":3,"minecraft:cobblestone":100,"minecraft:sunflower":1},"minecraft:killed":{"minecraft:witch":1,"minecraft:spider":3,"minecraft:sheep":2,"minecraft:skeleton":2,"minecraft:zombie":1,"minecraft:cow":5},"minecraft:mined":{"horror_element_mod:blood_3":1,"minecraft:mossy_cobblestone":1,"minecraft:mangrove_roots":3,"minecraft:crafting_table":3,"minecraft:torch":3,"minecraft:granite":1,"minecraft:grass_block":3,"minecraft:tall_grass":1,"minecraft:diorite":2,"minecraft:furnace":2,"minecraft:iron_ore":18,"minecraft:birch_leaves":1,"minecraft:andesite":1,"minecraft:grass":4,"minecraft:oak_log":11,"minecraft:coal_ore":37,"minecraft:iron_bars":2,"minecraft:dirt":1,"minecraft:cobweb":1,"minecraft:stone":101,"minecraft:oak_leaves":19},"minecraft:custom":{"minecraft:interact_with_furnace":13,"minecraft:mob_kills":15,"minecraft:interact_with_crafting_table":14,"minecraft:time_since_death":48531,"minecraft:climb_one_cm":580,"minecraft:time_since_rest":48595,"minecraft:sprint_one_cm":38892,"minecraft:damage_taken":655,"minecraft:walk_one_cm":370309,"minecraft:trigger_trapped_chest":2,"minecraft:drop":18,"minecraft:damage_dealt":2490,"minecraft:swim_one_cm":962,"minecraft:fly_one_cm":53391,"minecraft:crouch_one_cm":576,"minecraft:play_time":71697,"minecraft:deaths":2,"minecraft:sneak_time":196,"minecraft:walk_under_water_one_cm":916,"minecraft:boat_one_cm":312178,"minecraft:jump":942,"minecraft:walk_on_water_one_cm":3208,"minecraft:total_world_time":71697,"minecraft:fall_one_cm":13591,"minecraft:horse_one_cm":3792}},"DataVersion":3120}