{"stats":{"minecraft:used":{"minecraft:netherrack":2,"minecraft:redstone_torch":4,"minecraft:oak_log":2,"minecraft:flint_and_steel":21,"minecraft:grass_block":1,"minecraft:gold_block":20},"minecraft:dropped":{"minecraft:wheat_seeds":2},"minecraft:picked_up":{"minecraft:wheat_seeds":2,"minecraft:redstone_torch":3,"minecraft:oak_log":2,"minecraft:cornflower":1,"minecraft:sunflower":1},"minecraft:mined":{"minecraft:grass":4,"minecraft:oak_log":2,"minecraft:tall_grass":1,"minecraft:oak_leaves":5},"minecraft:custom":{"minecraft:time_since_rest":11697,"minecraft:play_time":11697,"minecraft:sprint_one_cm":560,"minecraft:walk_one_cm":21573,"minecraft:drop":2,"minecraft:jump":35,"minecraft:damage_dealt":10,"minecraft:time_since_death":11697,"minecraft:total_world_time":11697,"minecraft:fall_one_cm":209,"minecraft:fly_one_cm":3840}},"DataVersion":3120}