{"stats":{"minecraft:used":{"minecraft:stone_sword":3,"minecraft:flint_and_steel":21,"minecraft:stone_pickaxe":90,"minecraft:wooden_pickaxe":27,"minecraft:netherrack":2,"minecraft:torch":10,"minecraft:crafting_table":2,"minecraft:redstone_torch":4,"minecraft:oak_log":2,"minecraft:wooden_axe":1,"minecraft:grass_block":1,"minecraft:wooden_sword":23,"minecraft:furnace":1,"minecraft:andesite":1,"minecraft:gold_block":20,"minecraft:cooked_beef":1},"minecraft:dropped":{"minecraft:wheat_seeds":2,"minecraft:cooked_beef":1,"minecraft:cobblestone":18,"minecraft:cooked_mutton":1,"minecraft:grass_block":1,"minecraft:coal":3,"minecraft:flint_and_steel":1,"minecraft:stick":6,"minecraft:gold_block":1,"minecraft:torch":16,"minecraft:mutton":1,"minecraft:stone_pickaxe":1},"minecraft:killed_by":{"minecraft:player":1},"minecraft:crafted":{"minecraft:wooden_sword":1,"minecraft:oak_planks":32,"minecraft:crafting_table":1,"minecraft:wooden_pickaxe":1,"minecraft:furnace":1,"minecraft:cooked_mutton":2,"minecraft:stick":16,"minecraft:stone_pickaxe":2,"minecraft:wooden_axe":1,"minecraft:stone_sword":1,"minecraft:torch":24},"minecraft:picked_up":{"minecraft:wooden_axe":1,"minecraft:crafting_table":1,"minecraft:cooked_beef":3,"minecraft:andesite":1,"minecraft:leather":4,"minecraft:wooden_pickaxe":1,"minecraft:gold_block":1,"minecraft:oak_log":10,"minecraft:cornflower":1,"minecraft:dirt":3,"minecraft:wooden_sword":1,"minecraft:flint_and_steel":1,"minecraft:wheat_seeds":2,"minecraft:beef":3,"minecraft:stone_pickaxe":1,"minecraft:redstone_torch":3,"minecraft:oak_planks":33,"minecraft:raw_iron":6,"minecraft:stick":19,"minecraft:torch":9,"minecraft:diorite":2,"minecraft:grass_block":1,"minecraft:arrow":5,"minecraft:gray_wool":1,"minecraft:oak_sapling":5,"minecraft:mutton":3,"minecraft:coal":29,"minecraft:white_wool":3,"minecraft:cobblestone":93,"minecraft:sunflower":1},"minecraft:killed":{"minecraft:witch":1,"minecraft:sheep":2,"minecraft:skeleton":2,"minecraft:cow":1},"minecraft:mined":{"minecraft:crafting_table":1,"minecraft:grass_block":2,"minecraft:tall_grass":1,"minecraft:diorite":2,"minecraft:iron_ore":6,"minecraft:birch_leaves":1,"minecraft:andesite":1,"minecraft:grass":4,"minecraft:oak_log":11,"minecraft:coal_ore":14,"minecraft:dirt":1,"minecraft:stone":94,"minecraft:oak_leaves":19},"minecraft:custom":{"minecraft:interact_with_furnace":6,"minecraft:mob_kills":6,"minecraft:interact_with_crafting_table":9,"minecraft:time_since_death":12531,"minecraft:time_since_rest":12595,"minecraft:sprint_one_cm":23639,"minecraft:damage_taken":425,"minecraft:walk_one_cm":154361,"minecraft:drop":15,"minecraft:damage_dealt":1053,"minecraft:swim_one_cm":962,"minecraft:fly_one_cm":32770,"minecraft:crouch_one_cm":305,"minecraft:play_time":35697,"minecraft:deaths":2,"minecraft:sneak_time":73,"minecraft:walk_under_water_one_cm":752,"minecraft:jump":413,"minecraft:walk_on_water_one_cm":2534,"minecraft:total_world_time":35697,"minecraft:fall_one_cm":5683,"minecraft:horse_one_cm":1675}},"DataVersion":3120}