{"stats":{"minecraft:dropped":{"minecraft:iron_sword":2,"minecraft:cooked_beef":3,"minecraft:mossy_cobblestone":3,"minecraft:orange_tulip":1,"minecraft:leather":2,"minecraft:coal":12,"minecraft:stick":11,"minecraft:dirt":1,"minecraft:diorite":2,"minecraft:torch":38,"minecraft:cornflower":2,"minecraft:mutton":1,"minecraft:wooden_axe":1,"minecraft:melon_slice":32,"minecraft:wooden_sword":1,"minecraft:sunflower":2,"minecraft:iron_pickaxe":1,"minecraft:white_wool":2,"minecraft:oak_door":4,"minecraft:mangrove_roots":1,"minecraft:stone_sword":2,"minecraft:pointed_dripstone":1,"minecraft:oak_planks":36,"minecraft:cooked_mutton":1,"minecraft:poppy":6,"minecraft:potato":9,"minecraft:shield":1,"minecraft:peony":1,"minecraft:oak_sapling":3,"minecraft:redstone_torch":5,"minecraft:arrow":3,"minecraft:wooden_pickaxe":2,"minecraft:stone_pickaxe":1},"minecraft:broken":{"minecraft:stone_pickaxe":1},"minecraft:mined":{"minecraft:mossy_cobblestone":5,"minecraft:granite":10,"minecraft:allium":15,"minecraft:grass_block":21,"minecraft:jungle_log":7,"minecraft:hay_block":3,"minecraft:furnace":3,"minecraft:iron_ore":31,"minecraft:peony":1,"minecraft:deepslate_iron_ore":4,"minecraft:vine":3,"minecraft:stone":116,"minecraft:brown_stained_glass_pane":1,"minecraft:oak_fence":10,"minecraft:crafting_table":3,"minecraft:cornflower":1,"minecraft:torch":12,"minecraft:poppy":7,"minecraft:melon":20,"minecraft:copper_ore":1,"minecraft:lapis_ore":6,"minecraft:oak_planks":10,"minecraft:wall_torch":5,"minecraft:orange_tulip":1,"minecraft:yellow_bed":1,"minecraft:grass":30,"minecraft:oak_log":53,"minecraft:coal_ore":66,"minecraft:sunflower":1,"minecraft:dirt":4,"minecraft:cobweb":3,"minecraft:oak_leaves":17,"minecraft:deepslate":1},"minecraft:used":{"minecraft:stone_sword":1,"minecraft:chest":1,"minecraft:iron_sword":34,"minecraft:oak_door":1,"minecraft:torch":40,"minecraft:dirt":26,"minecraft:mutton":2,"minecraft:wooden_axe":2,"minecraft:iron_axe":37,"minecraft:furnace":4,"minecraft:cooked_beef":4,"minecraft:stone_pickaxe":70,"minecraft:oak_planks":169,"minecraft:wooden_pickaxe":24,"minecraft:crafting_table":3,"minecraft:redstone_torch":1,"minecraft:oak_log":20,"minecraft:apple":2,"minecraft:melon_slice":14,"minecraft:iron_pickaxe":165,"minecraft:stone_axe":67,"minecraft:wooden_sword":7,"minecraft:cobblestone":51,"minecraft:cooked_porkchop":1,"minecraft:porkchop":2},"minecraft:killed":{"minecraft:spider":1,"minecraft:skeleton":1,"minecraft:pig":2,"minecraft:creeper":1,"minecraft:sheep":2,"minecraft:zombie":5,"minecraft:cow":2},"minecraft:picked_up":{"minecraft:wooden_axe":1,"minecraft:iron_chestplate":1,"minecraft:crafting_table":3,"minecraft:allium":15,"minecraft:chicken":1,"minecraft:wooden_pickaxe":2,"minecraft:shield":1,"minecraft:cornflower":2,"minecraft:string":6,"minecraft:raw_copper":4,"minecraft:iron_axe":1,"minecraft:wooden_sword":1,"minecraft:iron_leggings":1,"minecraft:cobbled_deepslate":5,"minecraft:beef":9,"minecraft:redstone_torch":6,"minecraft:poppy":6,"minecraft:iron_pickaxe":3,"minecraft:melon_slice":93,"minecraft:iron_boots":1,"minecraft:furnace":3,"minecraft:stick":41,"minecraft:raw_iron":34,"minecraft:oak_door":2,"minecraft:oak_fence":10,"minecraft:torch":37,"minecraft:porkchop":2,"minecraft:pointed_dripstone":1,"minecraft:diorite":2,"minecraft:rotten_flesh":10,"minecraft:stone_sword":2,"minecraft:arrow":8,"minecraft:peony":1,"minecraft:hay_block":3,"minecraft:mangrove_roots":2,"minecraft:mutton":4,"minecraft:white_wool":3,"minecraft:cobblestone":139,"minecraft:feather":2,"minecraft:cooked_beef":1,"minecraft:andesite":1,"minecraft:jungle_log":7,"minecraft:leather":3,"minecraft:oak_log":70,"minecraft:yellow_bed":1,"minecraft:gunpowder":2,"minecraft:dirt":28,"minecraft:lapis_lazuli":44,"minecraft:cooked_mutton":1,"minecraft:bone":3,"minecraft:apple":3,"minecraft:orange_tulip":1,"minecraft:wheat_seeds":3,"minecraft:stone_pickaxe":3,"minecraft:oak_planks":70,"minecraft:iron_sword":1,"minecraft:cooked_porkchop":1,"minecraft:spider_eye":2,"minecraft:mossy_cobblestone":3,"minecraft:iron_helmet":1,"minecraft:granite":10,"minecraft:oak_sapling":4,"minecraft:coal":112,"minecraft:sunflower":2},"minecraft:crafted":{"minecraft:wooden_sword":1,"minecraft:oak_door":3,"minecraft:oak_planks":192,"minecraft:furnace":2,"minecraft:chest":1,"minecraft:cooked_beef":6,"minecraft:crafting_table":1,"minecraft:wooden_pickaxe":3,"minecraft:iron_helmet":1,"minecraft:iron_sword":3,"minecraft:stone_axe":1,"minecraft:jungle_planks":28,"minecraft:stick":48,"minecraft:iron_pickaxe":2,"minecraft:iron_ingot":21,"minecraft:wooden_axe":1,"minecraft:stone_sword":1,"minecraft:torch":76},"minecraft:custom":{"minecraft:mob_kills":13,"minecraft:interact_with_crafting_table":38,"minecraft:leave_game":2,"minecraft:time_since_death":38213,"minecraft:climb_one_cm":3792,"minecraft:sprint_one_cm":105217,"minecraft:walk_one_cm":638506,"minecraft:drop":45,"minecraft:play_time":175818,"minecraft:deaths":2,"minecraft:sneak_time":142,"minecraft:walk_under_water_one_cm":166,"minecraft:boat_one_cm":275672,"minecraft:jump":1327,"minecraft:walk_on_water_one_cm":3874,"minecraft:total_world_time":175818,"minecraft:interact_with_furnace":26,"minecraft:sleep_in_bed":4,"minecraft:time_since_rest":26774,"minecraft:damage_taken":1379,"minecraft:trigger_trapped_chest":3,"minecraft:damage_dealt":2426,"minecraft:swim_one_cm":260,"minecraft:fly_one_cm":61116,"minecraft:player_kills":1,"minecraft:open_chest":12,"minecraft:crouch_one_cm":202,"minecraft:fall_one_cm":23892,"minecraft:horse_one_cm":4978},"minecraft:killed_by":{"minecraft:skeleton":1,"minecraft:zombie":1}},"DataVersion":3120}