{"stats":{"minecraft:dropped":{"minecraft:oak_door":4,"minecraft:iron_sword":2,"minecraft:mangrove_roots":1,"minecraft:cooked_beef":3,"minecraft:stone_sword":2,"minecraft:mossy_cobblestone":3,"minecraft:orange_tulip":1,"minecraft:pointed_dripstone":1,"minecraft:oak_planks":36,"minecraft:leather":2,"minecraft:cooked_mutton":1,"minecraft:coal":12,"minecraft:stick":11,"minecraft:poppy":6,"minecraft:dirt":1,"minecraft:potato":9,"minecraft:shield":1,"minecraft:diorite":2,"minecraft:peony":1,"minecraft:cornflower":2,"minecraft:mutton":1,"minecraft:wooden_axe":1,"minecraft:oak_sapling":3,"minecraft:redstone_torch":5,"minecraft:wooden_sword":1,"minecraft:sunflower":2,"minecraft:arrow":3,"minecraft:stone_pickaxe":1,"minecraft:wooden_pickaxe":2,"minecraft:iron_pickaxe":1,"minecraft:white_wool":2},"minecraft:mined":{"minecraft:mossy_cobblestone":5,"minecraft:brown_stained_glass_pane":1,"minecraft:oak_fence":10,"minecraft:cornflower":1,"minecraft:crafting_table":1,"minecraft:torch":10,"minecraft:melon":1,"minecraft:allium":15,"minecraft:grass_block":20,"minecraft:poppy":7,"minecraft:copper_ore":1,"minecraft:lapis_ore":1,"minecraft:oak_planks":10,"minecraft:wall_torch":4,"minecraft:hay_block":3,"minecraft:furnace":2,"minecraft:iron_ore":29,"minecraft:orange_tulip":1,"minecraft:yellow_bed":1,"minecraft:peony":1,"minecraft:grass":28,"minecraft:coal_ore":41,"minecraft:oak_log":47,"minecraft:deepslate_iron_ore":1,"minecraft:sunflower":1,"minecraft:dirt":4,"minecraft:cobweb":3,"minecraft:stone":84,"minecraft:oak_leaves":11},"minecraft:broken":{"minecraft:stone_pickaxe":1},"minecraft:used":{"minecraft:stone_sword":1,"minecraft:stone_pickaxe":70,"minecraft:oak_planks":169,"minecraft:chest":1,"minecraft:wooden_pickaxe":21,"minecraft:iron_sword":16,"minecraft:oak_door":1,"minecraft:torch":31,"minecraft:dirt":26,"minecraft:mutton":2,"minecraft:crafting_table":1,"minecraft:redstone_torch":1,"minecraft:oak_log":20,"minecraft:wooden_axe":2,"minecraft:apple":2,"minecraft:iron_pickaxe":87,"minecraft:wooden_sword":7,"minecraft:stone_axe":67,"minecraft:furnace":3,"minecraft:cobblestone":40,"minecraft:porkchop":2,"minecraft:cooked_porkchop":1,"minecraft:cooked_beef":4},"minecraft:killed":{"minecraft:pig":2,"minecraft:sheep":2,"minecraft:zombie":2,"minecraft:cow":2},"minecraft:picked_up":{"minecraft:allium":15,"minecraft:crafting_table":1,"minecraft:feather":2,"minecraft:cooked_beef":1,"minecraft:chicken":1,"minecraft:leather":3,"minecraft:wooden_pickaxe":2,"minecraft:oak_log":65,"minecraft:yellow_bed":1,"minecraft:shield":1,"minecraft:cornflower":2,"minecraft:lapis_lazuli":6,"minecraft:string":4,"minecraft:dirt":27,"minecraft:raw_copper":4,"minecraft:wooden_sword":1,"minecraft:cooked_mutton":1,"minecraft:bone":1,"minecraft:apple":3,"minecraft:wheat_seeds":3,"minecraft:orange_tulip":1,"minecraft:beef":9,"minecraft:stone_pickaxe":3,"minecraft:redstone_torch":6,"minecraft:poppy":6,"minecraft:iron_pickaxe":2,"minecraft:melon_slice":4,"minecraft:iron_sword":1,"minecraft:oak_planks":70,"minecraft:furnace":2,"minecraft:stick":23,"minecraft:raw_iron":29,"minecraft:cooked_porkchop":1,"minecraft:oak_door":2,"minecraft:oak_fence":10,"minecraft:torch":22,"minecraft:porkchop":2,"minecraft:pointed_dripstone":1,"minecraft:diorite":2,"minecraft:spider_eye":2,"minecraft:mossy_cobblestone":3,"minecraft:stone_sword":2,"minecraft:arrow":3,"minecraft:rotten_flesh":6,"minecraft:peony":1,"minecraft:hay_block":3,"minecraft:mangrove_roots":2,"minecraft:oak_sapling":4,"minecraft:mutton":4,"minecraft:coal":84,"minecraft:white_wool":3,"minecraft:sunflower":2,"minecraft:cobblestone":112,"minecraft:wooden_axe":1},"minecraft:crafted":{"minecraft:cooked_beef":6,"minecraft:oak_door":3,"minecraft:wooden_sword":1,"minecraft:oak_planks":172,"minecraft:iron_helmet":1,"minecraft:wooden_pickaxe":2,"minecraft:iron_sword":2,"minecraft:furnace":1,"minecraft:stone_axe":1,"minecraft:stick":16,"minecraft:iron_ingot":16,"minecraft:iron_pickaxe":1,"minecraft:wooden_axe":1,"minecraft:stone_sword":1,"minecraft:chest":1,"minecraft:torch":24},"minecraft:custom":{"minecraft:interact_with_furnace":21,"minecraft:mob_kills":7,"minecraft:interact_with_crafting_table":26,"minecraft:leave_game":2,"minecraft:time_since_death":16333,"minecraft:sleep_in_bed":2,"minecraft:climb_one_cm":2335,"minecraft:time_since_rest":19250,"minecraft:sprint_one_cm":66759,"minecraft:damage_taken":799,"minecraft:walk_one_cm":465004,"minecraft:trigger_trapped_chest":3,"minecraft:drop":42,"minecraft:damage_dealt":1146,"minecraft:player_kills":1,"minecraft:fly_one_cm":43442,"minecraft:open_chest":7,"minecraft:play_time":133818,"minecraft:crouch_one_cm":202,"minecraft:sneak_time":124,"minecraft:deaths":1,"minecraft:walk_under_water_one_cm":96,"minecraft:boat_one_cm":275672,"minecraft:jump":959,"minecraft:walk_on_water_one_cm":3401,"minecraft:total_world_time":133818,"minecraft:fall_one_cm":18382,"minecraft:horse_one_cm":4978},"minecraft:killed_by":{"minecraft:zombie":1}},"DataVersion":3120}