{"stats":{"minecraft:dropped":{"minecraft:iron_sword":2,"minecraft:cooked_beef":3,"minecraft:mossy_cobblestone":3,"minecraft:orange_tulip":1,"minecraft:leather":2,"minecraft:coal":12,"minecraft:stick":11,"minecraft:dirt":1,"minecraft:diorite":2,"minecraft:cornflower":2,"minecraft:mutton":1,"minecraft:wooden_axe":1,"minecraft:melon_slice":32,"minecraft:wooden_sword":1,"minecraft:sunflower":2,"minecraft:iron_pickaxe":1,"minecraft:white_wool":2,"minecraft:oak_door":4,"minecraft:mangrove_roots":1,"minecraft:stone_sword":2,"minecraft:pointed_dripstone":1,"minecraft:oak_planks":36,"minecraft:cooked_mutton":1,"minecraft:poppy":6,"minecraft:potato":9,"minecraft:shield":1,"minecraft:peony":1,"minecraft:oak_sapling":3,"minecraft:redstone_torch":5,"minecraft:arrow":3,"minecraft:wooden_pickaxe":2,"minecraft:stone_pickaxe":1},"minecraft:broken":{"minecraft:stone_pickaxe":1},"minecraft:mined":{"minecraft:mossy_cobblestone":5,"minecraft:allium":15,"minecraft:grass_block":20,"minecraft:jungle_log":7,"minecraft:hay_block":3,"minecraft:furnace":2,"minecraft:iron_ore":29,"minecraft:peony":1,"minecraft:deepslate_iron_ore":1,"minecraft:vine":3,"minecraft:stone":84,"minecraft:brown_stained_glass_pane":1,"minecraft:oak_fence":10,"minecraft:crafting_table":2,"minecraft:cornflower":1,"minecraft:torch":12,"minecraft:poppy":7,"minecraft:melon":20,"minecraft:copper_ore":1,"minecraft:lapis_ore":1,"minecraft:oak_planks":10,"minecraft:wall_torch":4,"minecraft:orange_tulip":1,"minecraft:yellow_bed":1,"minecraft:grass":30,"minecraft:oak_log":53,"minecraft:coal_ore":41,"minecraft:sunflower":1,"minecraft:dirt":4,"minecraft:cobweb":3,"minecraft:oak_leaves":17},"minecraft:used":{"minecraft:stone_sword":1,"minecraft:chest":1,"minecraft:iron_sword":16,"minecraft:oak_door":1,"minecraft:torch":31,"minecraft:dirt":26,"minecraft:mutton":2,"minecraft:wooden_axe":2,"minecraft:iron_axe":36,"minecraft:furnace":3,"minecraft:cooked_beef":4,"minecraft:stone_pickaxe":70,"minecraft:oak_planks":169,"minecraft:wooden_pickaxe":23,"minecraft:crafting_table":2,"minecraft:redstone_torch":1,"minecraft:oak_log":20,"minecraft:apple":2,"minecraft:melon_slice":5,"minecraft:iron_pickaxe":87,"minecraft:stone_axe":67,"minecraft:wooden_sword":7,"minecraft:cobblestone":40,"minecraft:cooked_porkchop":1,"minecraft:porkchop":2},"minecraft:killed":{"minecraft:pig":2,"minecraft:sheep":2,"minecraft:zombie":2,"minecraft:cow":2},"minecraft:picked_up":{"minecraft:wooden_axe":1,"minecraft:iron_chestplate":1,"minecraft:crafting_table":2,"minecraft:allium":15,"minecraft:chicken":1,"minecraft:wooden_pickaxe":2,"minecraft:shield":1,"minecraft:cornflower":2,"minecraft:string":4,"minecraft:raw_copper":4,"minecraft:iron_axe":1,"minecraft:wooden_sword":1,"minecraft:iron_leggings":1,"minecraft:beef":9,"minecraft:redstone_torch":6,"minecraft:poppy":6,"minecraft:iron_pickaxe":3,"minecraft:melon_slice":93,"minecraft:iron_boots":1,"minecraft:furnace":2,"minecraft:stick":41,"minecraft:raw_iron":29,"minecraft:oak_door":2,"minecraft:oak_fence":10,"minecraft:torch":24,"minecraft:porkchop":2,"minecraft:pointed_dripstone":1,"minecraft:diorite":2,"minecraft:rotten_flesh":6,"minecraft:stone_sword":2,"minecraft:arrow":3,"minecraft:peony":1,"minecraft:hay_block":3,"minecraft:mangrove_roots":2,"minecraft:mutton":4,"minecraft:white_wool":3,"minecraft:cobblestone":112,"minecraft:feather":2,"minecraft:cooked_beef":1,"minecraft:jungle_log":7,"minecraft:leather":3,"minecraft:oak_log":70,"minecraft:yellow_bed":1,"minecraft:dirt":27,"minecraft:lapis_lazuli":6,"minecraft:cooked_mutton":1,"minecraft:bone":1,"minecraft:apple":3,"minecraft:orange_tulip":1,"minecraft:wheat_seeds":3,"minecraft:stone_pickaxe":3,"minecraft:oak_planks":70,"minecraft:iron_sword":1,"minecraft:cooked_porkchop":1,"minecraft:spider_eye":2,"minecraft:mossy_cobblestone":3,"minecraft:iron_helmet":1,"minecraft:oak_sapling":4,"minecraft:coal":84,"minecraft:sunflower":2},"minecraft:crafted":{"minecraft:wooden_sword":1,"minecraft:oak_door":3,"minecraft:oak_planks":192,"minecraft:furnace":1,"minecraft:chest":1,"minecraft:cooked_beef":6,"minecraft:crafting_table":1,"minecraft:wooden_pickaxe":3,"minecraft:iron_helmet":1,"minecraft:iron_sword":3,"minecraft:stone_axe":1,"minecraft:jungle_planks":28,"minecraft:stick":48,"minecraft:iron_pickaxe":1,"minecraft:iron_ingot":16,"minecraft:wooden_axe":1,"minecraft:stone_sword":1,"minecraft:torch":24},"minecraft:custom":{"minecraft:mob_kills":7,"minecraft:interact_with_crafting_table":34,"minecraft:leave_game":2,"minecraft:time_since_death":14213,"minecraft:climb_one_cm":2888,"minecraft:sprint_one_cm":98162,"minecraft:walk_one_cm":522201,"minecraft:drop":43,"minecraft:play_time":151818,"minecraft:deaths":2,"minecraft:sneak_time":137,"minecraft:walk_under_water_one_cm":96,"minecraft:boat_one_cm":275672,"minecraft:jump":1123,"minecraft:walk_on_water_one_cm":3401,"minecraft:total_world_time":151818,"minecraft:interact_with_furnace":21,"minecraft:sleep_in_bed":4,"minecraft:time_since_rest":2774,"minecraft:damage_taken":1124,"minecraft:trigger_trapped_chest":3,"minecraft:damage_dealt":1496,"minecraft:fly_one_cm":58174,"minecraft:player_kills":1,"minecraft:open_chest":12,"minecraft:crouch_one_cm":202,"minecraft:fall_one_cm":20532,"minecraft:horse_one_cm":4978},"minecraft:killed_by":{"minecraft:skeleton":1,"minecraft:zombie":1}},"DataVersion":3120}