{"stats":{"minecraft:used":{"minecraft:stone_sword":1,"minecraft:stone_pickaxe":65,"minecraft:wooden_pickaxe":21,"minecraft:torch":14,"minecraft:dirt":5,"minecraft:mutton":2,"minecraft:crafting_table":1,"minecraft:redstone_torch":1,"minecraft:wooden_axe":2,"minecraft:apple":1,"minecraft:wooden_sword":7,"minecraft:cobblestone":21,"minecraft:furnace":1,"minecraft:porkchop":2,"minecraft:cooked_beef":2},"minecraft:dropped":{"minecraft:iron_sword":1,"minecraft:cooked_beef":3,"minecraft:stone_sword":2,"minecraft:oak_planks":33,"minecraft:leather":2,"minecraft:coal":12,"minecraft:stick":11,"minecraft:cornflower":2,"minecraft:wooden_axe":1,"minecraft:oak_sapling":3,"minecraft:wooden_sword":1,"minecraft:sunflower":2,"minecraft:arrow":3,"minecraft:stone_pickaxe":1,"minecraft:wooden_pickaxe":2,"minecraft:white_wool":2},"minecraft:crafted":{"minecraft:cooked_beef":6,"minecraft:wooden_sword":1,"minecraft:oak_planks":36,"minecraft:iron_helmet":1,"minecraft:wooden_pickaxe":2,"minecraft:iron_sword":2,"minecraft:furnace":1,"minecraft:stone_axe":1,"minecraft:stick":16,"minecraft:iron_pickaxe":1,"minecraft:iron_ingot":16,"minecraft:wooden_axe":1,"minecraft:stone_sword":1,"minecraft:torch":8},"minecraft:picked_up":{"minecraft:wooden_axe":1,"minecraft:crafting_table":1,"minecraft:allium":15,"minecraft:cooked_beef":1,"minecraft:leather":2,"minecraft:wooden_pickaxe":2,"minecraft:oak_log":11,"minecraft:lapis_lazuli":6,"minecraft:cornflower":2,"minecraft:dirt":5,"minecraft:raw_copper":4,"minecraft:wooden_sword":1,"minecraft:cooked_mutton":1,"minecraft:bone":1,"minecraft:apple":1,"minecraft:orange_tulip":1,"minecraft:wheat_seeds":1,"minecraft:beef":6,"minecraft:stone_pickaxe":2,"minecraft:redstone_torch":6,"minecraft:poppy":6,"minecraft:oak_planks":16,"minecraft:stick":13,"minecraft:raw_iron":17,"minecraft:torch":12,"minecraft:porkchop":2,"minecraft:diorite":2,"minecraft:stone_sword":2,"minecraft:arrow":3,"minecraft:peony":1,"minecraft:oak_sapling":3,"minecraft:mutton":2,"minecraft:coal":26,"minecraft:sunflower":2,"minecraft:white_wool":2,"minecraft:cobblestone":83},"minecraft:killed":{"minecraft:pig":2,"minecraft:sheep":1,"minecraft:cow":1},"minecraft:mined":{"minecraft:crafting_table":1,"minecraft:cornflower":1,"minecraft:torch":4,"minecraft:allium":15,"minecraft:grass_block":1,"minecraft:poppy":7,"minecraft:copper_ore":1,"minecraft:lapis_ore":1,"minecraft:wall_torch":1,"minecraft:iron_ore":18,"minecraft:orange_tulip":1,"minecraft:peony":1,"minecraft:grass":2,"minecraft:coal_ore":13,"minecraft:oak_log":10,"minecraft:sunflower":1,"minecraft:dirt":2,"minecraft:stone":49,"minecraft:oak_leaves":8},"minecraft:custom":{"minecraft:interact_with_furnace":16,"minecraft:mob_kills":4,"minecraft:interact_with_crafting_table":22,"minecraft:time_since_death":47045,"minecraft:time_since_rest":47045,"minecraft:sprint_one_cm":28108,"minecraft:damage_taken":280,"minecraft:walk_one_cm":167865,"minecraft:drop":22,"minecraft:damage_dealt":502,"minecraft:fly_one_cm":15074,"minecraft:player_kills":1,"minecraft:crouch_one_cm":88,"minecraft:play_time":47045,"minecraft:sneak_time":39,"minecraft:jump":448,"minecraft:walk_on_water_one_cm":2524,"minecraft:total_world_time":47045,"minecraft:fall_one_cm":7696,"minecraft:horse_one_cm":1455}},"DataVersion":3120}