{"stats":{"minecraft:used":{"minecraft:peony":4,"minecraft:netherite_sword":120,"minecraft:rose_bush":74,"minecraft:stone_sword":1,"minecraft:white_tulip":1,"minecraft:dead_bush":1,"minecraft:spruce_slab":484,"minecraft:stone_shovel":344,"minecraft:chest":56,"minecraft:spruce_planks":1159,"minecraft:iron_sword":87,"minecraft:oak_door":2,"minecraft:torch":52,"minecraft:dirt":26,"minecraft:mutton":2,"minecraft:lily_of_the_valley":1,"minecraft:hopper":1,"minecraft:jungle_planks":3,"minecraft:spruce_stairs":331,"minecraft:allium":2,"minecraft:spruce_fence":188,"minecraft:axolotl_bucket":1,"minecraft:stripped_spruce_log":566,"minecraft:glass":3,"minecraft:wooden_axe":2,"minecraft:stone_brick_slab":299,"minecraft:red_tulip":1,"minecraft:lantern":38,"minecraft:iron_axe":38,"minecraft:oak_stairs":23,"minecraft:grass_block":708,"minecraft:stone_bricks":216,"minecraft:tripwire_hook":6,"minecraft:furnace":8,"minecraft:cooked_beef":4,"minecraft:water_bucket":1,"minecraft:pink_tulip":2,"minecraft:stone_pickaxe":70,"minecraft:oak_planks":460,"minecraft:orange_tulip":2,"minecraft:wooden_pickaxe":24,"minecraft:spruce_fence_gate":3,"minecraft:oak_leaves":70,"minecraft:crafting_table":6,"minecraft:white_bed":3,"minecraft:campfire":45,"minecraft:stone_brick_wall":27,"minecraft:spruce_log":82,"minecraft:redstone_torch":1,"minecraft:oak_log":20,"minecraft:flower_pot":4,"minecraft:cornflower":4,"minecraft:apple":2,"minecraft:sunflower":6,"minecraft:melon_slice":26,"minecraft:iron_pickaxe":191,"minecraft:spruce_trapdoor":167,"minecraft:lilac":6,"minecraft:stone_axe":67,"minecraft:diamond_sword":37,"minecraft:wooden_sword":7,"minecraft:cobblestone":114,"cfm:azalea_hedge":3,"minecraft:porkchop":2,"minecraft:cooked_porkchop":2,"minecraft:bucket":2,"minecraft:glass_pane":25},"minecraft:dropped":{"minecraft:iron_sword":2,"minecraft:stripped_spruce_log":1,"minecraft:cooked_beef":3,"minecraft:mossy_cobblestone":3,"minecraft:orange_tulip":1,"minecraft:leather":2,"minecraft:coal":12,"minecraft:stick":11,"minecraft:dirt":1,"minecraft:diorite":2,"minecraft:torch":38,"minecraft:cornflower":2,"minecraft:mutton":1,"minecraft:wooden_axe":1,"minecraft:melon_slice":32,"minecraft:wooden_sword":1,"minecraft:sunflower":2,"minecraft:iron_pickaxe":1,"minecraft:bucket":3,"minecraft:white_wool":2,"minecraft:oak_door":4,"minecraft:mangrove_roots":1,"minecraft:stone_sword":2,"minecraft:pointed_dripstone":1,"minecraft:oak_planks":36,"minecraft:cooked_mutton":1,"minecraft:spruce_fence":1,"minecraft:poppy":6,"minecraft:potato":9,"minecraft:shield":1,"minecraft:peony":1,"minecraft:spruce_planks":1,"minecraft:oak_sapling":3,"minecraft:redstone_torch":5,"minecraft:arrow":3,"minecraft:wooden_pickaxe":2,"minecraft:stone_pickaxe":1},"minecraft:killed_by":{"minecraft:skeleton":1,"minecraft:zombie":1},"minecraft:crafted":{"minecraft:wooden_sword":1,"minecraft:oak_door":3,"minecraft:oak_planks":192,"minecraft:furnace":2,"minecraft:chest":1,"minecraft:cooked_beef":6,"minecraft:crafting_table":1,"minecraft:iron_helmet":1,"minecraft:wooden_pickaxe":3,"minecraft:iron_sword":3,"minecraft:bucket":1,"minecraft:stone_axe":1,"minecraft:jungle_planks":28,"minecraft:stick":48,"minecraft:iron_ingot":21,"minecraft:iron_pickaxe":2,"minecraft:wooden_axe":1,"minecraft:stone_sword":1,"minecraft:torch":76},"minecraft:broken":{"minecraft:stone_pickaxe":1},"minecraft:picked_up":{"minecraft:wooden_axe":1,"minecraft:crafting_table":4,"minecraft:iron_chestplate":1,"minecraft:allium":15,"minecraft:chicken":1,"minecraft:lead":2,"minecraft:wooden_pickaxe":2,"minecraft:shield":1,"minecraft:cornflower":2,"minecraft:string":13,"minecraft:raw_copper":4,"minecraft:iron_axe":1,"minecraft:wooden_sword":1,"minecraft:iron_leggings":1,"minecraft:cobbled_deepslate":8,"minecraft:bucket":2,"minecraft:spruce_planks":1,"minecraft:beef":9,"minecraft:rose_bush":2,"minecraft:redstone_torch":6,"minecraft:poppy":6,"minecraft:iron_pickaxe":3,"minecraft:melon_slice":93,"minecraft:iron_boots":1,"minecraft:furnace":3,"minecraft:stick":41,"minecraft:raw_iron":43,"minecraft:oak_door":2,"minecraft:oak_fence":10,"minecraft:torch":44,"minecraft:spruce_fence":1,"minecraft:porkchop":3,"minecraft:pointed_dripstone":1,"minecraft:diorite":2,"minecraft:redstone":22,"minecraft:rotten_flesh":25,"minecraft:stone_sword":2,"minecraft:arrow":20,"minecraft:peony":1,"minecraft:hay_block":3,"minecraft:mangrove_roots":2,"minecraft:glow_berries":2,"minecraft:mutton":4,"minecraft:white_wool":3,"minecraft:cobblestone":139,"minecraft:feather":2,"minecraft:cooked_beef":1,"minecraft:andesite":1,"minecraft:jungle_log":7,"minecraft:leather":6,"minecraft:tuff":2,"minecraft:oak_log":70,"minecraft:yellow_bed":1,"minecraft:gunpowder":11,"minecraft:lapis_lazuli":44,"minecraft:dirt":64,"minecraft:cooked_mutton":1,"minecraft:bone":11,"minecraft:apple":3,"minecraft:wheat_seeds":21,"minecraft:orange_tulip":1,"minecraft:iron_ingot":3,"minecraft:stone_pickaxe":3,"minecraft:iron_sword":1,"minecraft:oak_planks":70,"minecraft:cooked_porkchop":2,"minecraft:dandelion":1,"minecraft:stripped_spruce_log":1,"minecraft:spider_eye":3,"minecraft:mossy_cobblestone":3,"minecraft:iron_helmet":1,"minecraft:granite":10,"minecraft:oak_sapling":5,"minecraft:coal":112,"minecraft:ender_pearl":2,"minecraft:sunflower":2},"minecraft:killed":{"minecraft:spider":9,"minecraft:skeleton":16,"minecraft:pig":3,"minecraft:zombie_villager":1,"doppelgangermod:dpcreepermutation":1,"doppelgangermod:dpcreeper":1,"minecraft:wandering_trader":1,"minecraft:creeper":13,"minecraft:sheep":2,"minecraft:trader_llama":2,"minecraft:zombie":15,"doppelgangermod:the_doppelgangerpure":1,"minecraft:cow":2,"minecraft:enderman":3},"minecraft:custom":{"minecraft:mob_kills":70,"minecraft:inspect_hopper":10,"minecraft:interact_with_crafting_table":42,"minecraft:leave_game":4,"minecraft:time_since_death":461034,"minecraft:climb_one_cm":3792,"minecraft:sprint_one_cm":143565,"minecraft:walk_one_cm":1069249,"minecraft:drop":51,"minecraft:talked_to_villager":1,"minecraft:play_time":598639,"minecraft:sneak_time":4967,"minecraft:deaths":2,"minecraft:walk_under_water_one_cm":12421,"minecraft:boat_one_cm":275672,"minecraft:jump":1921,"minecraft:walk_on_water_one_cm":10019,"minecraft:total_world_time":598639,"minecraft:interact_with_furnace":27,"minecraft:pot_flower":4,"minecraft:sleep_in_bed":5,"minecraft:time_since_rest":411820,"minecraft:damage_taken":1574,"minecraft:trigger_trapped_chest":3,"minecraft:damage_dealt":16181,"minecraft:player_kills":1,"minecraft:swim_one_cm":260,"minecraft:fly_one_cm":924337,"minecraft:open_chest":19,"minecraft:crouch_one_cm":3308,"minecraft:fall_one_cm":25146,"minecraft:horse_one_cm":4978},"minecraft:mined":{"minecraft:tuff":2,"minecraft:mossy_cobblestone":5,"minecraft:granite":10,"minecraft:allium":15,"minecraft:grass_block":31,"minecraft:jungle_log":7,"minecraft:hay_block":3,"minecraft:furnace":3,"minecraft:iron_ore":31,"minecraft:peony":1,"minecraft:cave_vines":6,"minecraft:deepslate_iron_ore":12,"minecraft:vine":3,"minecraft:stone":116,"minecraft:deepslate_redstone_ore":5,"minecraft:brown_stained_glass_pane":1,"minecraft:oak_fence":10,"minecraft:crafting_table":4,"minecraft:cornflower":1,"minecraft:torch":16,"minecraft:poppy":7,"minecraft:melon":20,"minecraft:copper_ore":1,"minecraft:lapis_ore":6,"minecraft:oak_planks":10,"minecraft:wall_torch":7,"minecraft:orange_tulip":1,"minecraft:yellow_bed":1,"minecraft:grass":31,"minecraft:oak_log":53,"minecraft:coal_ore":66,"minecraft:sunflower":1,"minecraft:dirt":14,"minecraft:cobweb":3,"minecraft:oak_leaves":17,"minecraft:deepslate":4}},"DataVersion":3120}