{"stats":{"minecraft:dropped":{"minecraft:sunflower":2,"minecraft:cornflower":2},"minecraft:picked_up":{"minecraft:bone":1,"minecraft:arrow":1,"minecraft:porkchop":1,"minecraft:redstone_torch":1,"minecraft:cornflower":2,"minecraft:dirt":1,"minecraft:sunflower":2},"minecraft:killed":{"minecraft:pig":1},"minecraft:mined":{"minecraft:grass_block":1,"minecraft:sunflower":1,"minecraft:cornflower":1},"minecraft:custom":{"minecraft:time_since_rest":11045,"minecraft:crouch_one_cm":88,"minecraft:play_time":11045,"minecraft:sprint_one_cm":20320,"minecraft:walk_one_cm":45663,"minecraft:sneak_time":39,"minecraft:mob_kills":1,"minecraft:drop":4,"minecraft:jump":203,"minecraft:damage_dealt":109,"minecraft:time_since_death":11045,"minecraft:walk_on_water_one_cm":105,"minecraft:total_world_time":11045,"minecraft:fly_one_cm":11383,"minecraft:fall_one_cm":4565,"minecraft:horse_one_cm":1455}},"DataVersion":3120}