{"stats":{"minecraft:used":{"minecraft:stone_sword":1,"minecraft:stone_pickaxe":65,"minecraft:wooden_pickaxe":21,"minecraft:iron_sword":15,"minecraft:torch":20,"minecraft:dirt":5,"minecraft:mutton":2,"minecraft:crafting_table":1,"minecraft:redstone_torch":1,"minecraft:oak_log":4,"minecraft:wooden_axe":2,"minecraft:apple":1,"minecraft:iron_pickaxe":28,"minecraft:stone_axe":30,"minecraft:wooden_sword":7,"minecraft:cobblestone":26,"minecraft:furnace":1,"minecraft:porkchop":2,"minecraft:cooked_beef":3},"minecraft:dropped":{"minecraft:iron_sword":2,"minecraft:cooked_beef":3,"minecraft:stone_sword":2,"minecraft:orange_tulip":1,"minecraft:pointed_dripstone":1,"minecraft:oak_planks":33,"minecraft:leather":2,"minecraft:cooked_mutton":1,"minecraft:coal":12,"minecraft:stick":11,"minecraft:poppy":6,"minecraft:diorite":2,"minecraft:peony":1,"minecraft:cornflower":2,"minecraft:wooden_axe":1,"minecraft:oak_sapling":3,"minecraft:redstone_torch":5,"minecraft:wooden_sword":1,"minecraft:sunflower":2,"minecraft:arrow":3,"minecraft:stone_pickaxe":1,"minecraft:wooden_pickaxe":2,"minecraft:white_wool":2},"minecraft:crafted":{"minecraft:cooked_beef":6,"minecraft:wooden_sword":1,"minecraft:oak_planks":36,"minecraft:iron_helmet":1,"minecraft:wooden_pickaxe":2,"minecraft:iron_sword":2,"minecraft:furnace":1,"minecraft:stone_axe":1,"minecraft:stick":16,"minecraft:iron_pickaxe":1,"minecraft:iron_ingot":16,"minecraft:wooden_axe":1,"minecraft:stone_sword":1,"minecraft:torch":8},"minecraft:picked_up":{"minecraft:wooden_axe":1,"minecraft:crafting_table":1,"minecraft:allium":15,"minecraft:cooked_beef":1,"minecraft:leather":3,"minecraft:wooden_pickaxe":2,"minecraft:oak_log":38,"minecraft:yellow_bed":1,"minecraft:string":4,"minecraft:lapis_lazuli":6,"minecraft:cornflower":2,"minecraft:dirt":5,"minecraft:raw_copper":4,"minecraft:wooden_sword":1,"minecraft:cooked_mutton":1,"minecraft:bone":1,"minecraft:apple":1,"minecraft:orange_tulip":1,"minecraft:wheat_seeds":1,"minecraft:beef":9,"minecraft:stone_pickaxe":2,"minecraft:redstone_torch":6,"minecraft:poppy":6,"minecraft:iron_sword":1,"minecraft:oak_planks":16,"minecraft:stick":13,"minecraft:raw_iron":17,"minecraft:torch":15,"minecraft:porkchop":2,"minecraft:pointed_dripstone":1,"minecraft:diorite":2,"minecraft:spider_eye":2,"minecraft:mossy_cobblestone":3,"minecraft:stone_sword":2,"minecraft:rotten_flesh":4,"minecraft:arrow":3,"minecraft:peony":1,"minecraft:hay_block":3,"minecraft:mangrove_roots":1,"minecraft:oak_sapling":3,"minecraft:mutton":4,"minecraft:coal":41,"minecraft:sunflower":2,"minecraft:white_wool":3,"minecraft:cobblestone":84},"minecraft:killed":{"minecraft:pig":2,"minecraft:sheep":2,"minecraft:zombie":2,"minecraft:cow":2},"minecraft:mined":{"minecraft:mossy_cobblestone":5,"minecraft:brown_stained_glass_pane":1,"minecraft:crafting_table":1,"minecraft:cornflower":1,"minecraft:torch":6,"minecraft:allium":15,"minecraft:grass_block":1,"minecraft:poppy":7,"minecraft:copper_ore":1,"minecraft:lapis_ore":1,"minecraft:wall_torch":1,"minecraft:hay_block":3,"minecraft:iron_ore":18,"minecraft:orange_tulip":1,"minecraft:yellow_bed":1,"minecraft:peony":1,"minecraft:grass":3,"minecraft:coal_ore":27,"minecraft:oak_log":37,"minecraft:sunflower":1,"minecraft:dirt":2,"minecraft:cobweb":3,"minecraft:stone":52,"minecraft:oak_leaves":11},"minecraft:custom":{"minecraft:interact_with_furnace":16,"minecraft:mob_kills":7,"minecraft:interact_with_crafting_table":22,"minecraft:time_since_death":71045,"minecraft:climb_one_cm":1159,"minecraft:time_since_rest":71045,"minecraft:sprint_one_cm":39434,"minecraft:damage_taken":384,"minecraft:walk_one_cm":267732,"minecraft:trigger_trapped_chest":3,"minecraft:drop":30,"minecraft:damage_dealt":1025,"minecraft:fly_one_cm":21180,"minecraft:player_kills":1,"minecraft:open_chest":1,"minecraft:crouch_one_cm":192,"minecraft:play_time":71045,"minecraft:sneak_time":83,"minecraft:walk_under_water_one_cm":96,"minecraft:boat_one_cm":275672,"minecraft:jump":609,"minecraft:walk_on_water_one_cm":3401,"minecraft:total_world_time":71045,"minecraft:fall_one_cm":9620,"minecraft:horse_one_cm":1455}},"DataVersion":3120}