{"stats":{"minecraft:used":{"minecraft:wooden_axe":2,"minecraft:wooden_pickaxe":21,"minecraft:wooden_sword":7,"minecraft:mutton":2,"minecraft:crafting_table":1,"minecraft:porkchop":2},"minecraft:dropped":{"minecraft:cornflower":2,"minecraft:sunflower":2,"minecraft:wooden_pickaxe":1},"minecraft:crafted":{"minecraft:wooden_sword":1,"minecraft:oak_planks":36,"minecraft:stick":16,"minecraft:wooden_pickaxe":2,"minecraft:wooden_axe":1},"minecraft:picked_up":{"minecraft:wooden_axe":1,"minecraft:allium":15,"minecraft:stick":5,"minecraft:crafting_table":1,"minecraft:leather":2,"minecraft:wooden_pickaxe":2,"minecraft:porkchop":2,"minecraft:oak_log":11,"minecraft:diorite":2,"minecraft:cornflower":2,"minecraft:dirt":3,"minecraft:wooden_sword":1,"minecraft:arrow":3,"minecraft:bone":1,"minecraft:apple":1,"minecraft:wheat_seeds":1,"minecraft:peony":1,"minecraft:orange_tulip":1,"minecraft:beef":6,"minecraft:stone_pickaxe":1,"minecraft:redstone_torch":6,"minecraft:poppy":6,"minecraft:oak_sapling":3,"minecraft:oak_planks":16,"minecraft:mutton":2,"minecraft:coal":12,"minecraft:cobblestone":29,"minecraft:white_wool":2,"minecraft:sunflower":2},"minecraft:killed":{"minecraft:sheep":1,"minecraft:pig":2,"minecraft:cow":1},"minecraft:mined":{"minecraft:orange_tulip":1,"minecraft:cornflower":1,"minecraft:crafting_table":1,"minecraft:peony":1,"minecraft:grass":2,"minecraft:allium":15,"minecraft:grass_block":1,"minecraft:oak_log":10,"minecraft:poppy":7,"minecraft:sunflower":1,"minecraft:stone":19,"minecraft:oak_leaves":8},"minecraft:custom":{"minecraft:time_since_rest":23045,"minecraft:sprint_one_cm":25707,"minecraft:damage_taken":250,"minecraft:walk_one_cm":83634,"minecraft:mob_kills":4,"minecraft:drop":5,"minecraft:damage_dealt":448,"minecraft:player_kills":1,"minecraft:fly_one_cm":13034,"minecraft:interact_with_crafting_table":8,"minecraft:crouch_one_cm":88,"minecraft:play_time":23045,"minecraft:sneak_time":39,"minecraft:jump":267,"minecraft:walk_on_water_one_cm":1997,"minecraft:time_since_death":23045,"minecraft:total_world_time":23045,"minecraft:fall_one_cm":7069,"minecraft:horse_one_cm":1455}},"DataVersion":3120}