{"stats":{"minecraft:picked_up":{"sophisticatedbackpacks:gold_backpack":1,"minecraft:stick":5,"minecraft:rotten_flesh":2,"minecraft:sand":2},"minecraft:used":{"taccraft:flak_vest_helmet":1,"minecraft:netherite_sword":15,"taccraft:flak_vest_chestplate":1,"minecraft:sand":2,"taccraft:flak_vest_boots":1,"taccraft:flak_vest_leggings":1,"minecraft:zombified_piglin_spawn_egg":1,"cgm:assault_rifle":12},"minecraft:dropped":{"minecraft:stick":4},"minecraft:mined":{"minecraft:dead_bush":2,"minecraft:sand":2},"minecraft:custom":{"minecraft:time_since_rest":7578,"minecraft:play_time":7578,"minecraft:sprint_one_cm":6220,"minecraft:damage_taken":10,"minecraft:walk_one_cm":7541,"minecraft:sneak_time":2,"minecraft:mob_kills":3,"minecraft:drop":2,"minecraft:jump":87,"minecraft:damage_dealt":929,"minecraft:time_since_death":7578,"minecraft:total_world_time":7578,"minecraft:fly_one_cm":12608,"minecraft:fall_one_cm":1219},"minecraft:killed":{"minecraft:zombie":4}},"DataVersion":3120}