{"stats":{"minecraft:picked_up":{"sophisticatedbackpacks:gold_backpack":1,"minecraft:stick":5,"spore:mutated_heart":1,"spore:armor_fragment":27,"minecraft:sand":29,"minecraft:gunpowder":2,"minecraft:fermented_spider_eye":1,"spore:sickle":1,"spore:claw_fragment":1,"minecraft:rotten_flesh":2,"spore:mutated_fiber":10,"spore:spine_fragment":2,"spore:braio_spawnegg":5},"minecraft:used":{"additionalguns:ak105":7,"kevin_trophy:crawler_zombie_spawn_egg":1,"minecraft:netherite_sword":15,"minecraft:lava_bucket":3,"spore:sickle":2,"kevin_trophy:blister_zombie_spawn_egg":1,"additionalguns:magnum":7,"k_turrets:arrow_turret_item":1,"mutantmonsters:creeper_minion_spawn_egg":19,"marbledsapi:steel_block":4,"spore:braio_spawnegg":1,"mutantmonsters:endersoul_hand":19,"additionalguns:over_under":18,"kevin_trophy:spitter_zombie_spawn_egg":1,"cgm:assault_rifle":12,"kevin_trophy:kevmo_spawn_egg":1,"taccraft:flak_vest_helmet":1,"taccraft:flak_vest_chestplate":1,"minecraft:golden_apple":1,"additionalguns:scar":52,"minecraft:diamond_sword":22,"minecraft:sand":5,"additionalguns:m1014":6,"mutantmonsters:hulk_hammer":5,"horror_element_mod:hanging_villager":1,"taccraft:flak_vest_boots":1,"kevin_trophy:zombie_brute_spawn_egg":1,"minecraft:zombified_piglin_spawn_egg":1,"taccraft:flak_vest_leggings":1,"artifacts:mimic_spawn_egg":1,"minecraft:splash_potion":1},"minecraft:dropped":{"minecraft:stick":4},"minecraft:mined":{"minecraft:dead_bush":2,"minecraft:sand":2},"minecraft:custom":{"minecraft:time_since_rest":19578,"minecraft:walk_one_cm":32312,"minecraft:sprint_one_cm":8242,"minecraft:damage_taken":44,"minecraft:mob_kills":25,"minecraft:drop":2,"minecraft:damage_dealt":3000,"minecraft:damage_dealt_absorbed":68,"minecraft:fly_one_cm":55736,"minecraft:play_time":19578,"minecraft:sneak_time":18,"minecraft:jump":129,"minecraft:time_since_death":19578,"minecraft:total_world_time":19578,"minecraft:fall_one_cm":1820},"minecraft:killed":{"spore:inquisitor":1,"spore:inf_villager":1,"kevin_trophy:blister_zombie":1,"mutantmonsters:creeper_minion":5,"minecraft:zombie":4,"spore:inf_human":5,"spore:inf_wanderer":1,"spore:verva":1,"spore:braiomil":1,"spore:usurper":1,"spore:wendigo":1,"spore:busser":1,"minecraft:creeper":1,"kevin_trophy:kevmo_prime":1,"artifacts:mimic":1}},"DataVersion":3120}