{"stats":{"minecraft:picked_up":{"spore:mutated_heart":2,"spore:cerebrum":1,"spore:wing_membrane":2,"spore:armor_fragment":2,"minecraft:quartz":2,"minecraft:sand":20,"minecraft:gunpowder":1,"spore:claw_fragment":2,"artifacts:fire_gauntlet":1,"minecraft:rotten_flesh":1,"minecraft:gold_nugget":1,"spore:mutated_fiber":10},"minecraft:used":{"spore:knight_spawnegg":1,"minecraft:netherite_sword":36,"spore:infected_human_spawnegg":1,"spore:sickle":2,"spore:inf_villager_spawnegg":1,"spore:slasher_spawnegg":1,"spore:busser_spawnegg":1,"spore:usurper_spawnegg":1,"spore:leaper_spawnegg":2,"minecraft:zombie_spawn_egg":8,"spore:inf_witch_spawnegg":1,"mutantmonsters:mutant_snow_golem_spawn_egg":4,"marbledsarsenal:machete":11,"spore:inquisitor_spawnegg":1,"spore:griefer_spawnegg":1,"spore:inf_vind_spawnegg":1,"spore:verva_spawnegg":1,"minecraft:sand":19,"spore:inf_pillager_spawnegg":1,"marbledsarsenal:stop_sign":9,"spore:spitter_spawnegg":1,"spore:inf_husk_spawnegg":1,"spore:inf_wanderer_spawnegg":2,"spore:wendigo_spawnegg":1},"minecraft:mined":{"minecraft:sand":19},"minecraft:dropped":{"kevin_trophy:kevmo_spawn_egg":1,"spore:sickle":1,"minecraft:quartz":1,"spore:braio_spawnegg":5},"minecraft:custom":{"minecraft:time_since_rest":21023,"minecraft:sprint_one_cm":8370,"minecraft:damage_taken":15,"minecraft:walk_one_cm":80279,"minecraft:mob_kills":21,"minecraft:drop":8,"minecraft:damage_dealt":3636,"minecraft:damage_dealt_absorbed":120,"minecraft:fly_one_cm":57667,"minecraft:play_time":21023,"minecraft:jump":131,"minecraft:leave_game":2,"minecraft:time_since_death":21023,"minecraft:total_world_time":21023,"minecraft:fall_one_cm":418},"minecraft:killed":{"mutantmonsters:creeper_minion":8,"minecraft:zombie":4,"spore:inf_human":1,"kevin_trophy:kevmo":1,"minecraft:zombified_piglin":1,"minecraft:spider":1,"spore:inf_drowned":1,"spore:spitter":1,"minecraft:creeper":2}},"DataVersion":3120}