{"stats":{"minecraft:custom":{"minecraft:jump":219,"minecraft:time_since_rest":7254,"minecraft:leave_game":8,"minecraft:play_time":7254,"minecraft:sprint_one_cm":28310,"minecraft:damage_taken":50,"minecraft:time_since_death":7254,"minecraft:walk_one_cm":14935,"minecraft:total_world_time":7254,"minecraft:fall_one_cm":9016,"minecraft:drop":2,"minecraft:fly_one_cm":30355},"minecraft:mined":{"minecraft:birch_leaves":2,"minecraft:oak_leaves":3},"minecraft:dropped":{"minecraft:oak_sapling":2},"minecraft:picked_up":{"minecraft:oak_sapling":2}},"DataVersion":3465}