{"stats":{"minecraft:picked_up":{"minecraft:sand":19,"minecraft:rotten_flesh":1,"minecraft:gold_nugget":1},"minecraft:used":{"minecraft:netherite_sword":20,"minecraft:zombie_spawn_egg":7,"minecraft:sand":19},"minecraft:mined":{"minecraft:sand":19},"minecraft:custom":{"minecraft:jump":70,"minecraft:time_since_rest":9023,"minecraft:damage_dealt":1195,"minecraft:leave_game":2,"minecraft:play_time":9023,"minecraft:sprint_one_cm":3162,"minecraft:damage_taken":15,"minecraft:time_since_death":9023,"minecraft:walk_one_cm":40903,"minecraft:total_world_time":9023,"minecraft:mob_kills":5,"minecraft:damage_dealt_absorbed":120,"minecraft:fall_one_cm":418,"minecraft:fly_one_cm":6494},"minecraft:killed":{"minecraft:zombified_piglin":1,"minecraft:zombie":3}},"DataVersion":3120}